Rank,Frame,AngleDeg.lefthand_to_leftshoulder,AngleDeg.lowerback_to_rightknee,AngleDeg.leftknee_to_rightknee,AngleDeg.lefthip_to_rightknee,AngleDeg.lowerback_to_rightknee.energy,AngleDeg.leftknee_to_rightknee.energy,AngleDeg.lefthip_to_rightknee.energy,AngleDeg.lefthand_to_rightelbow,AngleDeg.lefthand_to_topback,AngleDeg.lefthand_to_midback,AngleDeg.lefthand_to_lowerback,AngleDeg.lefthand_to_tailbase,AngleDeg.leftshoulder_to_topback,AngleDeg.leftshoulder_to_midback,AngleDeg.leftshoulder_to_lowerback,AngleDeg.leftshoulder_to_tailbase,AngleDeg.righthand_to_rightelbow,AngleDeg.righthand_to_topback,AngleDeg.righthand_to_midback,AngleDeg.righthand_to_lowerback,AngleDeg.righthand_to_tailbase,AngleDeg.rightelbow_to_topback,AngleDeg.rightelbow_to_midback,AngleDeg.rightelbow_to_lowerback,AngleDeg.rightelbow_to_tailbase,AngleDeg.topback_to_midback,AngleDeg.topback_to_lowerback,AngleDeg.topback_to_tailbase,AngleDeg.midback_to_lowerback,AngleDeg.midback_to_tailbase,AngleDeg.lowerback_to_tailbase,AngleDeg.lefthand_to_leftshoulder.energy,AngleDeg.lefthand_to_rightelbow.energy,AngleDeg.lefthand_to_topback.energy,AngleDeg.lefthand_to_midback.energy,AngleDeg.lefthand_to_lowerback.energy,AngleDeg.lefthand_to_tailbase.energy,AngleDeg.leftshoulder_to_topback.energy,AngleDeg.leftshoulder_to_midback.energy,AngleDeg.leftshoulder_to_lowerback.energy,AngleDeg.leftshoulder_to_tailbase.energy,AngleDeg.righthand_to_rightelbow.energy,AngleDeg.righthand_to_topback.energy,AngleDeg.righthand_to_midback.energy,AngleDeg.righthand_to_lowerback.energy,AngleDeg.righthand_to_tailbase.energy,AngleDeg.rightelbow_to_topback.energy,AngleDeg.rightelbow_to_midback.energy,AngleDeg.rightelbow_to_lowerback.energy,AngleDeg.rightelbow_to_tailbase.energy,AngleDeg.topback_to_midback.energy,AngleDeg.topback_to_lowerback.energy,AngleDeg.topback_to_tailbase.energy,AngleDeg.midback_to_lowerback.energy,AngleDeg.midback_to_tailbase.energy,AngleDeg.lowerback_to_tailbase.energy,AngleDeg.lefthand_to_righthand,AngleDeg.leftshoulder_to_righthand,AngleDeg.leftshoulder_to_rightelbow,AngleDeg.lefthand_to_righthand.energy,AngleDeg.leftshoulder_to_righthand.energy,AngleDeg.leftshoulder_to_rightelbow.energy
0.881679389,3,131.174719,0,0,0,0,0,0,144.0622239,130.9078337,122.5318791,115.8318839,113.968939,137.5487815,133.2851502,131.5277368,131.6380458,144.0608747,130.9048955,122.5273164,115.8252535,113.9614125,133.6488142,126.8098501,122.0314106,120.9801505,133.3782482,131.6723505,131.801104,135.0121068,135.6713284,136.6662413,131.174719,144.0622239,130.9078337,122.5318791,115.8318839,113.968939,137.5487815,133.2851502,131.5277368,131.6380458,144.0608747,130.9048955,122.5273164,115.8252535,113.9614125,133.6488142,126.8098501,122.0314106,120.9801505,133.3782482,131.6723505,131.801104,135.0121068,135.6713284,136.6662413,29.73278905,28.20593233,33.28223187,29.73278905,28.20593233,33.28223187
0.881679389,4,130.6929711,0,0,0,0,0,0,142.5260994,130.4306842,123.3253105,117.4788692,116.3221325,136.8333595,133.4587345,132.588775,133.16612,142.1606077,129.662844,122.1685814,115.7590948,114.3810333,133.0467118,127.2921152,123.3421957,122.8978996,133.5516373,132.7390874,133.3338777,135.7762277,136.8241536,137.6472358,185.1687328,202.6514578,184.7945462,173.8481912,164.9797261,162.8488796,194.0181321,188.6164497,186.7600836,187.2479389,202.3936116,184.2513088,173.0263146,163.7548698,161.4627645,188.5826955,179.6775463,173.5078165,172.4531546,188.7479719,186.9686424,187.4818763,191.47703,192.6851275,193.9701602,30.47536424,29.19879019,34.92251884,42.57683138,40.59733941,48.2419867
0.881679389,5,130.486482,0,0,0,0,0,0,142.4724206,131.0364434,124.5278972,119.1727718,118.5622224,43.17654559,133.7861762,133.5162324,134.3673496,142.1347843,130.3277508,123.4629163,117.5341016,116.7327701,132.9527067,127.4266188,123.6059414,123.4822331,133.5899369,133.1807717,133.997416,136.2901,137.510254,138.3168198,226.5263375,247.721626,226.5382392,213.8466525,203.52017,201.4367349,198.7643068,231.2464184,229.5776843,230.469901,247.3165399,225.6853283,212.5586913,201.5686543,199.2404676,230.737633,220.2761082,213.0337794,212.103636,231.2402823,229.5525891,230.4447037,235.0286033,236.7205701,238.2351059,32.177895,30.96352158,35.33662309,53.36856281,51.05765012,59.79938304
0.881679389,16,138.1667931,0,0,0,0,0,0,0,135.9120242,124.4623784,123.7794613,131.6075465,137.8869799,129.2842709,131.3862435,139.365442,0,0,0,0,0,0,0,0,0,130.8518118,133.798578,141.6995068,142.0457529,149.6247609,150.1576782,230.6456967,201.5243897,229.4663182,214.958631,208.1460768,211.9159867,198.9984965,228.9637471,229.4966504,234.9692034,201.0272004,183.8417138,173.690109,164.9679759,163.4305981,188.0900043,180.1133692,174.6188019,174.2175525,229.7923143,230.7787745,236.245594,239.1383936,244.9846689,246.2227295,0,0,0,44.31889836,42.55947623,49.68157861
0.881679389,17,139.5111456,0,0,0,0,0,0,0,137.4690741,125.1477726,124.3167665,132.0238726,138.7811971,128.5804059,129.9064194,137.771711,0,0,0,0,0,0,0,0,0,130.0542635,132.2534825,140.0839139,141.8404348,149.3231681,150.0061966,235.7544155,142.4724206,233.5388065,216.0093651,212.0805578,220.9249869,200.3428411,226.1550009,227.9574677,237.6096703,142.1347843,130.3277508,123.4629163,117.5341016,116.7327701,132.9527067,127.4266188,123.6059414,123.4822331,227.7774777,230.4998071,240.1198881,242.6328424,252.1786024,253.33916,0,0,0,32.177895,30.96352158,35.33662309
0.881679389,23,32.2191927,45.66335576,45.15157686,51.99603003,45.66335576,45.15157686,51.99603003,42.97397734,32.95893336,135.6446093,135.159869,141.0317107,145.6931951,127.764452,118.7240439,120.2900976,42.96619186,32.98099168,44.33573015,135.2365425,141.1275222,32.70244279,135.0605061,133.464397,138.9602151,128.3212368,119.8165745,121.775964,135.1905587,141.0700248,144.7030686,198.9761263,42.97397734,196.1023099,222.6034785,221.4592596,233.7537009,243.9252897,222.6456796,219.6210859,229.942337,42.96619186,32.98099168,44.33573015,135.2365425,141.1275222,32.70244279,135.0605061,133.464397,138.9602151,224.727942,223.044961,233.5201031,242.0169251,254.1372257,256.8816175,135.6078281,127.6725168,130.8036405,135.6078281,127.6725168,130.8036405
0.881679389,24,33.03576259,45.44263554,44.97317258,51.33236624,64.42185331,63.72794634,73.06571674,43.56126041,34.47270502,135.39536,135.8766153,141.8794379,144.1779902,127.2267159,119.5499164,121.7107869,43.55753874,34.49911583,44.59025996,135.9410471,141.96023,34.13623341,134.9228941,134.4380526,140.1290549,128.3764346,121.6991091,124.5408627,135.8778369,141.8809668,144.8919032,146.9448799,61.19106256,145.5074053,228.8958902,228.4410279,239.6873406,247.5358976,221.4572492,212.7516367,219.6913007,61.18294554,47.72771527,62.8804282,191.7521596,200.1741352,47.27295417,190.9071179,189.4368899,197.347646,223.2956789,216.0038618,223.5247521,238.4491197,249.6565023,253.8395176,135.3511294,127.0942229,129.878831,191.5970022,180.1477534,184.3315033
0.881679389,28,140.6242998,0,0,0,64.42185331,63.72794634,73.06571674,0,139.3967229,123.2638658,115.5652186,116.2202834,141.4111391,128.6061649,124.8418013,127.7400049,0,0,0,0,0,0,0,0,0,129.3398612,126.0991004,129.233461,137.1764169,142.0539645,143.9203524,148.002134,61.19106256,147.329919,227.8713325,223.7989377,231.358753,249.0198993,221.4722061,209.6975357,213.5432792,61.18294554,47.72771527,62.8804282,191.7521596,200.1741352,47.27295417,190.9071179,189.4368899,197.347646,222.8803456,212.291469,216.8896018,235.7045674,245.3778504,250.2912494,0,0,0,191.5970022,180.1477534,184.3315033
0.881679389,29,138.6033374,0,0,0,45.44263554,44.97317258,51.33236624,147.4225782,136.958236,117.9809272,104.6550586,102.2053501,141.2933242,128.8449032,124.7911522,128.0258441,147.8622259,137.7830958,119.9950309,108.4814296,107.3993108,139.1998576,123.4833248,115.0210368,115.9935349,129.6850986,126.2982005,129.7933534,137.3109115,142.3190561,144.4070033,200.1935075,153.7237782,198.4373255,217.8196119,206.8101922,209.9591931,246.4715128,222.0972579,213.1912041,217.99459,154.1444032,142.0365111,128.0121038,173.9200645,178.0093224,143.3243971,182.8997509,176.9277505,181.908362,223.668356,216.0159525,221.4904705,236.9270823,246.0980522,250.1201993,152.2408691,26.2153369,30.33866264,203.7086411,129.7697399,133.3752045
0.881679389,30,137.068368,0,0,0,0,0,0,147.820372,139.2641581,116.8304307,103.5383649,101.4070917,36.62362229,129.1706752,126.2284305,130.1353859,147.4198167,138.587223,114.8837432,99.82458866,96.28454526,141.2281092,122.5347923,114.2625519,115.6325847,127.9931777,124.1432738,127.7182782,137.9411805,143.2156776,145.0424795,240.3618446,208.7684817,239.9656444,206.7917536,187.1582059,185.0310409,203.2294355,223.2165273,217.0067364,222.807864,208.7961691,195.4241537,166.1236946,147.4217388,144.2405131,198.2977035,173.9623719,162.1288675,163.7845988,223.4486027,217.4023252,223.2925449,238.1164107,246.8699513,250.2074566,22.49776976,21.47212566,29.83049434,153.894223,33.88651752,42.54753628
0.881679389,31,136.7990482,142.3231349,142.5700158,39.7460799,142.3231349,142.5700158,39.7460799,145.63539,138.4970523,115.3223984,98.61396529,95.04703115,36.67329766,129.2355716,125.7361594,129.754091,146.1179147,139.2254741,117.3520167,102.7017087,100.6747508,141.6707833,124.2546496,116.3341221,118.5375907,128.3858381,124.1559405,127.9348457,137.9454781,143.241311,145.3399816,238.1440788,254.5465493,239.444143,202.1586117,177.1936468,172.5203465,150.4992489,223.5797517,217.5224818,223.9686575,254.8456105,239.9465201,203.3926688,179.6686117,175.8997756,243.70595,213.7805528,199.5479833,202.1795123,222.8977384,216.2810335,222.5434742,238.5602872,247.5550792,251.0267192,155.2781496,23.23173853,31.23250656,218.6200714,41.08539576,52.78032123
0.881679389,32,137.9210067,143.7007964,143.7269796,37.80777169,202.2518074,202.4441999,54.85597933,146.1140414,139.7444379,118.5316759,104.3139428,101.7990332,36.41548397,129.5425081,125.3559546,129.4146443,146.5457266,140.3800622,120.2896697,107.7610924,106.6604766,142.0142752,124.8704043,116.602618,118.5681246,128.6069448,123.6205175,127.3398548,137.0725665,142.8013931,145.2474921,237.7475998,253.7909421,241.0486406,202.4805257,176.9923892,172.2799452,63.3427813,223.9824941,217.8469963,224.7654176,254.084036,241.4471223,203.5666351,179.2346019,175.4496406,245.3243649,214.5847412,200.4637854,203.6675115,222.2721827,214.728392,221.1215095,238.4231799,247.8326883,251.5111629,152.7209131,25.7386769,31.33328518,218.9546316,40.78290505,53.3582479
0.881679389,38,34.83651493,44.3959271,43.91388358,48.09273203,207.0671194,207.1523189,72.95265137,141.8599548,33.95002714,130.127392,123.5827354,126.2910748,34.28902523,128.985724,121.3512946,123.4257429,141.8583479,33.9511592,130.1234821,123.5750965,126.281376,33.71408403,130.9625234,125.2154746,128.3472156,128.4210746,120.2455973,121.9817095,135.358336,140.6173183,144.0922599,197.3569519,250.3661852,199.6560686,210.4332482,189.4170143,188.0064277,62.02221767,223.8758838,215.0577454,220.9483838,250.8981583,200.6065196,212.5399282,193.4706657,193.5428858,203.409205,219.506306,206.9026669,211.1458461,222.5188578,212.4987849,217.8584421,236.9382251,246.3402956,250.9643871,36.69442289,142.8804562,141.3831522,220.8652569,147.0272693,148.1433088
0.881679389,39,34.64053123,0,0,0,150.4025173,150.2859735,61.17465549,140.6753061,35.24045191,130.9382287,125.4832291,128.92478,144.0795376,128.8630632,121.4463969,123.8110607,140.6716882,35.24296751,130.9301351,125.4674631,128.9052168,35.00865149,131.7069312,126.9844294,130.7737942,129.2514718,122.2024781,124.785238,135.5418305,141.0114254,144.3857948,146.4095396,247.5138413,148.0641811,219.3803001,204.6952172,207.2053996,152.5147136,223.6610548,212.5781724,217.5114776,247.7659474,148.6650928,220.3279953,206.459056,209.618697,150.1009644,223.8091065,213.0730648,218.2502994,223.0194198,211.3633877,216.0239146,235.5469283,245.0503829,250.413001,37.96736477,141.1759182,139.7176782,161.591085,202.504183,201.226241
0.881679389,40,34.43376041,0,0,0,44.3959271,43.91388358,48.09273203,39.08249615,36.61101863,131.6564368,127.2382304,131.5457063,142.3059892,128.6884554,121.4548898,124.3392838,140.6130703,36.85207791,130.9564931,125.8706307,129.8813639,36.62044227,131.6283426,127.1831799,131.4791504,130.1207089,124.2435863,127.8701823,135.8138028,141.6725265,144.9545946,59.99360826,203.5711916,61.11350488,226.7407666,217.2747121,223.3278024,205.3914433,223.167481,210.3013416,214.5305345,244.3038073,61.26029396,226.3281333,216.4631711,222.3346791,60.85476097,227.6486742,219.0422828,225.5250762,223.8957665,211.7284064,216.3369515,234.8166433,244.3942656,250.2432249,37.95329418,140.8272337,139.572282,65.02656379,245.3115863,242.8799029
0.881679389,41,41.44177205,44.92285964,44.92335559,46.35943263,44.92285964,44.92335559,46.35943263,43.2675895,42.47849513,133.9013823,132.8823095,134.0207054,136.9377189,132.7387016,131.0211136,131.791974,43.2710291,42.48135978,133.8948488,132.8713798,134.007507,42.48182161,133.893797,132.869621,134.0053833,133.4151227,132.0868602,133.0644167,135.3993558,137.1906695,138.4698674,64.05521627,152.2795704,66.2320065,228.9275371,222.6955685,227.7881059,244.4623623,225.3574283,216.0255767,219.4505882,203.5508324,66.36873009,228.5172507,221.9015628,226.812115,66.116319,229.3475205,223.5060239,228.7924714,226.797127,218.6706497,222.7740517,234.8402913,242.438872,247.048571,43.26939341,136.0556633,136.0576895,68.95080661,241.4002758,239.8189867
0.881679389,42,144.2289992,45.45552156,45.46154092,51.34179073,63.90827614,63.91290621,69.17496996,0,141.7675781,127.6022482,120.2818261,125.2455996,142.0523917,128.3477173,121.7370947,127.1128028,0,0,0,0,0,0,0,0,0,129.8514704,124.6579369,130.7440058,136.5158489,144.3480489,147.4193251,153.964634,58.30545263,152.4560114,227.0359691,219.8067177,225.7261228,243.2731292,225.0631422,216.1891364,221.3301754,147.1204184,56.23825722,187.289705,183.0251875,186.6204185,56.08709262,187.7593392,183.9290554,187.7344127,227.1396007,220.0522861,226.1656861,235.4038054,244.3946476,248.8336716,0,0,0,57.55599834,195.8148444,194.9156658
0.881679389,43,137.3395628,45.47072812,45.64684144,47.23260839,78.43376106,78.53975881,83.76213801,131.5119628,136.6886877,132.6022691,131.5164189,132.6356892,136.8280285,132.8735442,131.9318053,133.121578,134.3817411,42.55693466,134.3771403,134.3925684,136.035952,45.64501045,46.3466907,136.2013276,139.0399865,133.2798854,132.5640067,133.8629228,135.9723741,138.0435694,139.0374171,203.4246302,138.4466708,201.4603338,227.5857546,222.3105807,226.3630618,240.1098295,227.4820393,222.2441308,226.3805283,141.1766068,60.13117841,189.6972492,188.9872112,190.954948,62.35520946,141.6882656,190.2764773,193.1050506,228.9640304,224.854966,229.6070908,235.4953271,242.3090301,245.4338301,134.6690403,134.8600922,131.9265029,141.4496052,191.5682333,189.5159546
0.881679389,44,141.6674735,47.22537266,47.87929368,53.66891453,79.7748543,80.26713275,88.01847055,113.4971557,138.6738337,122.3900492,113.4884131,118.3205438,140.7762316,127.7669421,123.8087345,131.0434651,134.3976467,37.48444833,133.4423598,134.4491624,142.4589157,47.50018879,49.81012707,139.2996841,148.9153985,129.5522604,127.127882,134.7589181,138.6805943,146.826009,148.908886,244.4050588,173.7152863,240.8573762,221.0090941,211.2910458,217.4360535,242.3194972,224.6172451,218.0699984,225.9455884,190.0557281,56.71134414,189.3781382,190.0998151,196.9779757,65.87666441,68.03722876,194.8209527,203.7349105,226.7349122,221.978187,230.5932418,237.3970741,247.891636,251.4711059,130.2052897,133.6904864,123.7829468,187.3210289,189.8957362,180.9055557
0.881679389,45,42.68845779,45.87837992,46.1000722,47.897412,80.01655256,80.63050015,86.05482995,135.3003147,43.00164561,134.5530538,135.0472021,136.9423463,136.5151487,133.2611853,132.8614451,134.3562057,135.3762743,42.99345862,134.68655,135.3182884,137.274244,42.99353548,134.6900748,135.3257667,137.2834693,133.5049576,133.2462387,134.8052155,136.2901294,138.5342814,139.4096781,201.8765291,220.1889549,199.4075501,225.0937809,220.0316684,224.3773236,239.1155423,227.4605763,224.4699703,230.0985317,233.340771,71.16610175,232.388782,233.3430498,240.0927757,78.66497955,150.898909,237.2093311,245.6718639,228.8468696,226.9124818,232.9199309,237.2673453,244.5519394,246.8609285,135.3063528,134.3874242,134.3792218,231.0778591,232.6378525,225.3543772
0.881679389,46,36.95302194,49.04421591,50.9086092,55.93772293,82.09991889,83.72174097,91.12378016,136.2655527,38.03561526,133.9088392,136.9453605,145.1328118,140.564518,128.6174165,127.0714724,135.3108257,43.70767639,38.03702201,133.9633682,137.0606122,145.2437335,38.03584511,133.9213001,136.9716015,145.1580654,129.5513424,128.7815084,137.0827473,140.1607205,148.2861026,149.9367897,152.5041092,223.06071,150.0875801,225.8659462,223.3190508,231.9838148,241.2731169,225.000833,221.6482019,231.3719933,195.7034084,68.55899937,232.1497667,234.8898207,245.4271845,74.50796965,196.3603311,237.6524453,249.1854948,226.6956378,224.7236868,234.7852034,239.6921654,250.4763307,253.1599407,136.1989961,132.7749986,132.8781017,231.9728284,231.4353607,225.9127776
0.881679389,47,36.80748641,48.12853381,50.73118028,55.52205249,82.62273674,85.38475157,92.2273779,27.71759357,38.20924224,134.5720984,137.517074,146.4149744,140.3620109,128.7057248,126.1917202,134.9528918,27.71992696,38.21056039,134.5758086,137.5265897,146.4243676,136.948522,120.3392619,110.0365888,115.2037931,129.9177013,128.4277933,137.3260939,139.2410531,148.1562413,150.0941951,67.39897117,194.0173729,68.9622777,232.692396,236.4375693,247.4956242,241.0316653,225.5352455,222.9880556,233.6084171,144.9327119,68.95867932,232.8031337,236.6647703,247.7499861,148.4926506,224.8507701,221.7709035,230.6285516,226.9046785,225.4616046,236.2680296,240.0168699,251.2584072,253.8589503,135.6728971,131.2041281,27.59095454,235.0853263,230.0080504,190.9859312
0.881679389,48,37.33763689,48.09084637,51.73516399,55.46565013,83.87145155,88.55431292,96.37512907,26.77105334,38.84837808,135.0126926,138.2058024,146.649445,139.8980412,129.3367553,126.4860152,134.5487015,26.7704459,38.84789317,135.0123235,138.2043106,146.6478975,135.7163134,119.8658241,107.7420712,111.0082712,130.6239789,128.9204359,137.1676213,138.7169455,147.1858816,149.3887417,64.14371376,141.6095164,66.45186755,232.9584814,238.2557895,252.9959239,242.9636593,223.2388848,219.2492221,233.7191811,58.27016475,66.4531472,232.9917591,238.3266787,253.0641093,196.5210953,216.2967137,206.1010053,216.0222538,225.2216315,222.9323973,237.6238456,241.4031678,256.1302868,259.4731285,44.72093995,130.1084361,26.25384822,197.3759459,227.5344559,138.2284892
0.881679389,49,43.12685117,45.84834038,46.82931818,47.43491014,82.04362002,86.27377868,91.70173039,40.9689306,43.34307554,44.89628296,136.245319,138.0752411,136.4646424,133.7266496,133.0069569,134.1917683,40.84262102,43.26282066,44.89352577,136.1263444,137.91407,135.3211047,131.849329,129.9472832,130.6975726,133.9090837,133.3247724,134.5574547,135.9381898,137.6680217,138.8306531,67.88825728,56.24417805,69.62589224,195.8411424,237.8541074,249.0144105,240.614951,226.2210792,222.7418076,233.0730931,56.15310157,69.57641397,195.8428054,237.7906138,248.9296928,235.5538511,215.0199974,201.5011196,206.583169,227.7561759,225.5873929,236.1760382,238.9762609,250.1328442,253.2177201,44.96220646,133.5037813,40.43349169,149.7621363,227.9604966,55.54631013
0.881679389,50,37.42851375,46.86552701,52.21126373,54.6074213,81.30914734,87.15232811,91.15086124,43.94089279,38.86940282,44.62608482,138.2871238,146.169532,140.8851951,130.0048762,124.4002391,130.336052,43.74564718,38.50843583,44.49843044,138.012248,145.8018377,37.52345213,135.0310964,135.1479422,142.5110074,131.1450508,126.7080749,133.0671232,136.578607,144.1016401,147.3801196,68.22695994,65.77191369,69.99035043,149.1160315,238.3001455,248.870175,240.9205238,226.9627302,221.7317797,230.430619,65.56262741,69.74044799,149.0767134,238.0718247,248.5640207,195.291394,223.5742792,216.2397202,222.9665423,228.4585102,224.6128001,233.7253179,237.4348296,247.7528014,251.6184533,45.01541139,127.4336667,132.061802,77.76856526,225.811435,140.5860994
0.881679389,51,37.55054095,46.28656456,52.09004465,52.07044985,80.2551805,87.36345834,89.12560187,44.44821556,38.63339758,44.45861056,138.3238134,144.6623679,141.6277785,131.0128439,123.9695986,127.9699596,44.22336373,38.21305356,44.23481327,138.1084894,144.3450055,36.91488015,135.8453252,135.6391314,141.3755957,131.7978687,125.7010743,130.0392626,135.6620284,141.4015733,145.480936,68.34370534,74.73218316,69.87125361,77.35458437,238.3686072,247.704471,241.9290485,227.9220259,220.3059951,226.6522175,74.41442897,69.38882291,77.15087603,238.0162118,247.2123524,145.1982067,232.5329975,231.40708,239.5376834,229.1317203,222.78059,229.6144109,235.6630928,244.3607411,249.3181755,45.03991381,126.6250897,131.0460331,77.9524285,223.8225019,190.3897307
0.881679389,52,37.64966399,45.58712191,50.83762277,50.75009416,80.10623799,89.57596051,90.93335068,44.40353313,39.21980559,44.3761967,137.9711722,144.0301617,140.7847918,131.2767446,124.1821935,127.716641,44.40513469,39.22260918,44.37781541,137.9723347,144.0320515,37.62041361,44.08094457,135.3700405,140.7662764,132.4004843,126.6458435,130.6814546,135.3124163,140.6995613,144.8677933,65.02640976,76.66889643,67.39111985,77.05389239,239.3592495,251.0725398,244.3919464,226.4933041,215.0932311,222.8796478,76.42776677,66.94438112,76.85193242,239.0767671,250.6768604,64.6994077,196.5463789,234.4951772,245.1766523,228.2533478,218.8489571,227.3647107,235.3026814,246.0813974,252.7296578,135.0590378,126.2855524,131.1928607,149.3181998,219.5934733,227.6509368
0.881679389,53,36.84309377,44.95035302,48.84568015,49.65125868,79.0010505,87.65692848,88.04630198,44.13700845,38.30376314,44.4082452,137.6950699,143.5236893,141.280146,130.1962966,123.7002695,127.0275032,44.38866634,38.78442686,44.62845238,137.9558337,143.9151793,37.14728302,135.4685202,135.3359684,140.6287887,131.3040004,125.9679102,129.7705009,135.8659997,141.2465239,144.7475892,64.69121952,76.78146349,67.06646576,76.92793464,239.0176856,249.5414546,244.6198375,226.6032316,214.6891596,220.9611674,76.79762748,67.10351929,76.92729013,239.0442052,249.5842368,64.4819706,196.847154,234.6035937,244.0874021,228.3447109,218.4212539,225.4511816,234.8897738,244.4204411,251.2035924,135.0624744,125.9629646,131.0076584,196.2432407,218.74328,227.0410448
0.881679389,54,37.7759799,44.19661031,46.25505973,48.46060466,77.79498881,84.32019277,85.9607454,44.35293735,38.83873084,44.59836367,137.2140815,142.8776275,140.4857062,130.2806765,125.717097,129.3253786,44.94095852,40.1539576,45.09079468,137.9473468,143.9985526,38.2233823,135.2124266,135.8713481,141.2112763,131.1361773,127.3242041,131.2525667,136.3372052,141.7717066,144.55305,64.82233731,76.72634698,67.1849569,77.00878597,238.3771818,248.5110728,243.960388,226.1807109,215.7029493,221.7489131,77.21307816,68.22745158,77.42266482,238.9511408,249.3840288,65.23988895,196.4109212,234.7379293,243.9922649,227.9634308,219.3593787,226.153182,235.2803719,244.634756,250.667362,135.0703572,126.9042591,131.0048815,233.937635,218.9050026,227.017295
0.881679389,55,37.65998667,43.57181648,43.55529933,47.17094198,76.63144127,80.14047117,83.89741033,44.01397764,39.02512493,134.8706468,135.8197857,141.5889223,139.64321,129.8755604,126.484814,130.6057729,74.7798894,82.51845237,70.55734194,53.71178515,40.47336782,38.94784612,134.6271242,135.2067242,140.8587441,130.9952971,128.4231016,132.9310412,136.7556068,142.7441634,144.9411486,64.8283334,76.50156073,67.07149663,148.8327842,237.138463,247.1042062,243.3033896,225.370343,217.0367557,223.425397,97.88807543,99.62864578,94.88528352,202.351769,207.569881,66.01425836,234.0055189,234.643785,244.045624,227.1501825,220.3902456,227.460504,236.113319,245.8163817,250.7097633,156.2467469,149.1298203,132.2244817,246.777064,232.8326925,227.6150239
0.881679389,56,38.99631248,0,0,0,62.06322224,63.53420063,67.62786387,0,40.16197237,135.0383779,136.8358059,142.181074,138.7476067,130.8434719,128.3817255,132.5857572,0,84.47718036,72.29243469,52.98079048,41.04793049,0,0,0,0,131.8006115,130.1040789,134.5581841,137.2671703,142.6965222,144.8237037,66.07580223,62.48530451,68.14977193,195.9960942,236.6405632,246.3268097,241.8415972,225.7448338,219.7386268,226.6316493,87.24518102,124.7318295,110.6242034,157.230374,155.1083791,54.57070341,190.8058251,191.6817193,199.45378,227.4376091,222.7801995,230.2255479,236.9223619,246.6524081,250.7537158,158.3236433,152.8115276,0,260.2372443,248.3863064,186.1332655
0.881679389,58,137.7460369,0,0,0,43.57181648,43.55529933,47.17094198,0,136.7982552,127.2439023,123.4163019,128.113993,138.5709176,131.0550211,129.8349716,135.630547,0,137.3066627,128.2952353,125.190428,130.2454573,0,0,0,0,131.604546,130.7682142,136.6832527,137.7974334,144.6100538,146.3637874,148.0302592,44.01397764,147.816464,229.3827927,228.9162195,238.0673769,240.7343425,226.1926035,222.1202275,230.2878551,74.7798894,181.1044136,163.2917696,146.166218,142.4321075,38.94784612,134.6271242,135.2067242,140.8587441,227.7079831,224.7663013,233.3642607,237.7656508,248.2947066,251.8019062,141.9727963,36.88896074,0,263.8857647,216.6837827,132.2244817
0.881679389,59,135.6839044,0,0,0,0,0,0,140.6639858,133.8111898,122.9443838,116.0064675,119.5057371,137.9449952,131.0701483,130.4389565,136.3899964,0,0,0,0,0,136.5317604,128.1639971,125.3585498,130.7454625,131.9968419,132.0740978,138.1515596,138.6931357,145.2612408,146.935718,197.2430099,140.6639858,195.5305122,222.579639,217.7455438,225.6330522,239.7532467,226.8806216,224.3954292,233.6169073,0,161.2126348,147.2612085,135.9397198,136.5606522,136.5317604,128.1639971,125.3585498,130.7454625,228.2856193,226.8721324,236.3769657,238.8853168,249.7502616,252.95527,0,0,36.76766384,212.65618,157.2010127,36.76766384
0.881679389,61,131.4162189,143.2288891,143.3533698,38.66360534,143.2288891,143.3533698,38.66360534,143.808955,131.7734402,120.9974787,112.8912319,115.9624241,42.11749195,132.5392038,133.6244143,139.7948413,142.3918643,128.8754873,115.8209264,102.9537577,102.6520962,134.2590405,125.4775494,121.1484335,126.0802098,132.3900849,133.3554428,139.5145168,139.2955782,145.7582656,147.2772181,233.7826237,201.1650378,232.3433595,214.351865,203.5522398,210.1002147,200.0115098,227.862772,227.435541,237.782409,142.3918643,188.3135971,172.841414,162.0867653,165.8352556,191.4847554,179.3617171,174.3321799,181.6331337,228.6264582,228.7521962,239.2330775,240.0566114,251.5121622,254.3679273,24.43642933,23.63633589,33.60660767,144.0604524,43.81177694,49.81229952
0.881679389,64,123.7544016,147.3536629,147.2284065,146.4811995,205.4935927,205.4906137,151.4979082,145.2269469,123.9519973,109.5938226,90.65940776,83.37285052,42.38507566,132.9151154,132.9861388,137.5206733,144.789465,122.7539804,107.6149135,87.01302609,78.33636113,132.0617357,123.0891497,115.6733744,117.1934263,132.8605398,132.8863402,137.4105669,137.9089257,143.0379558,144.7598537,225.8218245,248.1093278,225.0194919,204.368582,185.5291324,186.225501,150.3303013,228.9376601,229.2490318,238.865578,203.0749423,177.9815466,158.0995149,134.7988981,129.127992,232.6084985,217.5352025,209.2176821,216.159419,229.3517471,229.9696085,239.6493641,240.1206276,250.6115657,253.4484157,15.09216316,14.45906457,30.32160139,28.72128944,27.7081382,58.31521838
0.881679389,65,125.9114181,146.7544637,146.5150292,146.1172862,252.5163149,252.3748127,210.4801119,147.7901451,126.0526871,111.3064687,94.45724652,89.26898232,42.08711887,132.5705077,132.4016365,135.7320203,147.8068983,126.1033129,111.3943294,94.61864876,89.4800692,131.9003263,121.4979894,113.105789,113.2229977,132.5267282,132.323742,135.6460253,137.871549,141.8557097,143.349431,220.0887542,252.2177802,220.4940297,197.5862489,172.8748966,168.4258508,73.0869574,229.7999303,230.3714187,238.4904916,251.1698855,218.1272024,193.4015337,164.6919295,157.1009901,229.9206125,213.6757254,202.1143043,206.0338945,229.6571169,230.1130727,238.2137873,239.6470194,248.6531141,251.3862637,160.500543,18.45149641,28.76041508,163.050105,33.28961764,53.628025
0.881679389,67,41.98604521,146.7789277,146.6354617,146.2953195,254.5467113,254.2534485,253.3955872,34.00862733,42.0281979,45.1876522,137.0062286,141.9560865,138.9708211,132.4015654,129.802257,132.6569855,145.5056008,131.8472498,119.2753978,107.0163774,102.69261,135.3994542,125.6258861,118.1173394,117.890957,132.438617,129.8678266,132.7365828,135.7569248,139.9651494,142.3454819,181.4708382,209.9747124,181.7133649,162.6095318,189.504634,187.2739007,151.2637079,229.7205736,228.1756612,234.3778845,252.9481137,219.896072,195.4898635,167.2616526,157.1274655,230.5884002,213.7628674,200.3121437,201.1268856,229.6850975,228.1096327,234.3085753,237.6076145,245.3021448,248.5290945,26.21351196,23.89602487,31.44128173,163.3258886,33.47450183,52.29832869
0.881679389,69,42.25925644,43.97023811,43.9770552,47.59068787,212.1657562,211.9023214,212.1731731,35.00887971,42.51068674,45.74508605,137.0259263,143.5923219,139.3775928,131.4632795,128.7571626,132.5200672,146.5126726,135.0167871,122.5707285,113.9390579,112.7215968,136.2886652,125.0691629,118.133157,118.6269177,131.7008372,129.15686,133.0159037,135.982108,141.5259137,143.7815987,139.2923471,155.6410466,139.5091676,128.5444156,215.5666547,220.769646,201.2717766,228.8836121,225.7370731,231.4792115,253.9384222,226.969768,204.1051215,182.7219271,176.8010557,233.0349942,214.9090975,201.7425789,201.9655182,229.0162254,225.9573402,231.7586573,236.4944827,244.4235457,247.9605689,32.00746287,28.55384049,31.53907483,165.7469462,41.55477748,53.0134786
0.881679389,70,40.84121522,44.84091852,44.86735475,49.30354984,159.6500656,159.5274884,161.5488598,34.42703095,41.30695529,45.1305193,137.4817125,143.2533516,139.3922612,131.3614477,128.4006952,132.0143157,146.2485015,136.1165948,124.6734577,116.6596754,117.1075697,136.7023838,125.8240779,118.6960213,119.8109554,131.7732431,129.1293588,132.8893633,136.2637263,141.433737,143.8126854,72.22657134,59.72795704,72.6621804,78.55762587,237.5879468,247.5718242,241.1829285,228.1854472,223.4139015,229.3190431,253.034518,232.6820953,211.645163,195.0489524,192.2657364,235.7862468,217.3841239,204.9289978,205.731107,228.5810259,224.1016247,230.1560643,235.5607765,244.1788879,248.2286705,33.06563088,30.76475195,32.20270965,52.9618904,48.2991902,54.95709187
0.881679389,71,39.13144421,0,0,0,62.80198892,62.82563892,68.52527708,33.27868219,40.18406975,44.84284903,137.3856285,143.564141,139.1563914,130.5405375,127.7738887,132.367845,33.58825207,136.7415267,125.4213271,118.7817493,121.2436568,136.7194752,125.3763063,118.7017578,121.1397879,131.4513351,129.375527,134.2444485,137.0042818,143.0756436,145.2528396,70.60537898,59.31536738,71.61132944,78.35979696,237.8069315,248.4973647,241.2899027,227.1106685,222.2415624,229.1519019,209.7206669,235.4899261,215.1686869,201.744127,202.7815711,236.546733,217.2399878,205.2664014,207.6098717,228.01042,223.8166946,231.028971,236.2818445,245.9750516,249.9072309,33.32923203,32.49576783,32.44003321,56.82122256,53.08264025,55.53452534
0.881679389,72,37.80907792,0,0,0,44.84091852,44.86735475,49.30354984,34.25417427,40.00934074,134.641794,136.3193733,142.929325,138.3870093,129.5836581,126.9823782,132.4763295,35.37141896,136.9238706,126.477849,121.5777741,126.0086268,136.9043649,126.4375197,121.5070188,125.92117,131.435711,130.2001481,136.1468969,137.749066,144.5872691,146.520361,68.03529349,58.87308046,70.15533738,148.9162771,237.4005133,248.1148469,240.7190647,226.0278441,221.2180588,229.1266109,154.1685186,236.5885011,217.4180917,206.1546482,210.4575521,236.9020088,218.0306473,207.2264664,211.8623475,227.8573835,224.4203575,232.8457266,237.3031426,247.7491073,251.4929265,34.29874604,34.62599731,34.575019,58.142735,56.58095597,57.31319396
0.881679389,73,38.44501761,46.35722654,47.55490765,51.7176871,46.35722654,47.55490765,51.7176871,36.13362197,40.67744913,133.2638477,134.1887902,141.0305284,137.962593,129.7984483,128.1815397,134.4732938,142.3402863,136.6042113,126.9248883,123.2829172,128.8191658,137.0452831,127.8381965,124.8467347,130.6603873,131.5673215,131.1976547,137.8049368,138.3811434,145.63369,147.301863,66.62443754,59.88704184,69.78654366,194.6754913,235.5088403,246.8381342,239.8940239,225.1230631,221.0909273,230.5521439,150.4661592,236.8693775,218.7169011,209.9736574,217.1924857,237.1000415,219.1991539,210.809796,218.1814064,227.738358,225.6167772,235.685702,238.5253011,250.1705216,253.5043244,35.09713272,35.66119192,36.80924863,59.32158471,59.38564831,60.02256641
0.881679389,74,39.36383665,46.38839693,48.35002423,51.92658238,65.58106298,67.81735828,73.28771464,36.97807355,138.3383308,131.5945371,131.9920714,139.3380161,137.6338726,129.9555028,129.2407472,136.4049986,37.92771688,136.7427289,128.0472997,126.04526,132.8858032,136.7244383,128.0091433,125.9811128,132.8137577,131.6734839,132.1257836,139.4786608,139.0693208,146.8109612,148.2512176,66.76119672,62.01906977,149.6425607,230.6616309,232.4037647,244.4043466,239.0140672,224.7843285,221.9418894,232.8934698,151.4939144,236.8700715,220.2332503,214.1663849,223.8999513,237.1029034,220.7156353,214.9927989,224.8727909,227.8666552,227.2050305,238.7058336,239.7173794,252.3254018,255.2341642,37.02321675,37.42244999,37.37497349,61.47301264,62.21832578,62.82707511
0.881679389,76,138.812465,48.60416719,51.31782802,56.2165101,81.62867689,85.04536176,92.36549748,0,136.4291604,124.6899947,120.7814727,130.1743382,138.5391733,129.4758475,129.3190103,139.2008182,0,0,0,0,0,0,0,0,0,130.9311589,131.8577029,141.6829867,140.4112357,149.7864711,151.2156343,149.3198963,51.70122397,198.5070891,224.9977113,223.6441425,237.170932,239.1022009,224.7221951,223.2869998,236.7831459,147.3067168,193.2854998,180.2943101,176.3124648,185.0756985,193.5845595,180.9114293,177.3638857,186.3105769,227.5759978,228.1589383,241.9061102,241.2569832,255.3401984,257.9581952,0,0,0,51.01497136,51.69294316,52.45769179
0.881679389,77,137.5466011,49.41262744,52.37539024,57.53911833,83.40177569,87.83180414,95.7466245,0,134.0004092,121.1809041,110.5742406,118.4138153,138.3829492,129.9540309,128.7057862,139.0290022,0,41.36352619,45.04805243,141.2461102,150.8089417,0,0,0,0,131.6814687,132.0850143,142.2792229,140.1019157,149.6643614,151.7215542,199.3426185,36.97807355,236.0222854,218.0585437,210.3253045,224.4599579,239.3449938,224.8120947,223.5883641,239.3997804,37.92771688,142.8618746,135.740333,189.3089306,201.0024218,136.7244383,128.0091433,125.9811128,132.8137577,227.6420082,228.6703468,244.4826022,242.2480916,257.6603701,260.507239,117.6287556,128.2060628,0,123.3176497,133.5561092,37.37497349
0.881679389,78,137.013194,48.56535376,53.18449671,55.63902685,84.63194671,90.58306501,97.80975132,0,135.286213,121.8895446,113.0338846,119.1793232,139.1533375,130.2505148,129.2610245,137.8431391,0,41.1910636,45.13284071,140.6357694,149.2054277,0,0,0,0,131.1357923,130.9159847,139.5250097,139.6113086,148.0802377,149.9953329,238.6641641,0,234.2464192,212.3428063,198.9760938,212.5344703,240.2219693,224.982759,223.6000856,240.2221102,0,58.37503764,63.76754926,199.3210558,212.1452251,0,0,0,0,227.3314179,227.9734631,244.5090475,242.5596409,258.38569,261.5037246,118.6408301,128.7004417,0,167.069359,181.6606678,0
0.881679389,80,36.96523087,47.14754005,53.29836434,54.59065049,83.80388934,91.71961532,96.8844186,43.91762875,38.24945524,135.0802524,136.1269314,145.367131,140.3086477,130.6802755,126.2410832,135.0793287,43.91546027,38.24982184,135.0832931,136.1360229,145.3763022,38.24872739,135.0739826,136.1082353,145.3482728,131.6041684,128.1883048,137.1996236,137.4320518,146.6945736,149.9036501,197.6312503,43.91762875,194.2202099,218.6059176,208.6477011,222.1646811,241.2467795,225.6780475,221.834179,237.8575613,43.91546027,69.79035671,149.3780319,241.3750194,257.176721,38.24872739,135.0739826,136.1082353,145.3482728,227.7197013,225.8709533,241.938716,240.8473233,256.6056816,260.7472612,136.0613293,132.3877364,132.4221933,215.4642802,224.7823636,132.4221933
0.881679389,81,35.32317105,47.17761085,53.41462953,52.34800647,82.50582455,92.31700266,93.89437795,43.94261726,37.89789338,44.38545206,137.2917248,143.7879218,140.2908846,129.9050138,123.4906973,128.8620407,43.93685802,37.90438225,44.37784055,137.3274064,143.8256966,37.81130835,135.4449919,136.6147612,143.0748363,131.7635488,127.6268589,133.5194252,137.2669081,143.7616629,147.2767928,146.2421623,62.12657827,145.6077971,187.2800151,223.9558398,236.6649114,242.3462405,225.6498252,218.849665,232.06159,62.12097184,67.79745412,149.1772842,239.1030174,253.1449385,53.78345643,191.2859812,192.8446128,203.9522719,227.7671749,223.2931966,236.893229,239.2093025,253.2083538,258.1862853,135.5739455,129.8150362,130.8382218,225.7623232,225.7039213,186.1565942
0.881679389,82,35.55800917,45.98541349,51.99550976,50.845407,81.01404663,91.63717218,91.13565886,44.06819859,36.88729992,43.63571878,137.2682127,143.5136722,142.1395976,131.2224715,122.7196679,126.602166,44.07412201,36.92722085,43.64645809,137.3276487,143.586963,36.34683041,43.7104821,135.7668328,141.7483815,132.1151716,124.7908422,129.1225478,135.0666737,140.9519771,145.6468047,62.27781886,76.16900849,65.26824683,148.7306926,237.1120439,249.8054109,244.0731737,226.2122544,215.0508784,225.565864,76.16786313,65.29479845,148.734334,237.1723348,249.874601,64.91342132,196.2165458,235.8424847,248.3729713,228.3324517,219.7580736,230.9194795,236.58567,249.1067512,255.684473,135.0849385,127.4301295,130.1767356,234.8210396,224.9819866,227.1569063
0.881679389,87,33.35417786,0,0,0,65.8816,74.54297876,72.97649755,135.4079538,35.9477932,44.17019078,135.0227888,139.4266734,142.1491338,129.248924,120.4166033,121.7115943,44.31588338,36.4288818,43.97685068,136.398939,141.1352425,36.06078387,44.05453074,135.5322544,140.0460644,131.0710915,124.1791108,126.4427329,135.0143638,139.4165091,143.2735834,60.20464775,149.0244064,63.94659533,76.32267069,236.4798795,246.3958965,245.1358271,225.388407,211.6842639,217.823888,76.39943222,64.24504077,76.21265926,237.3233453,247.4312099,63.64878046,148.9857501,235.5105472,245.3077916,228.0256178,217.443834,224.6949798,235.1894743,244.8914832,251.8546508,134.7083978,126.4877168,128.3024979,234.039714,221.5615581,224.7802344
0.881679389,88,33.15957063,0,0,0,45.98541349,51.99550976,50.845407,0,35.82683716,44.20681814,135.2287935,140.0437938,142.2576734,128.9874542,120.0396086,121.7166505,0,56.81578464,58.02048255,46.81033204,38.03898375,0,0,0,0,130.8819138,123.983075,126.6755827,135.2266719,140.0412625,143.8880784,58.96126119,142.3984553,62.74136588,76.21892466,235.2882112,244.2298826,246.2666991,224.8608119,209.68973,213.6744338,62.50140599,76.93319475,84.88435129,199.1350317,204.8983575,51.20031459,62.05971257,191.837496,199.2623994,227.5173069,215.3253555,220.6968516,234.0045674,242.726138,249.888156,142.3679769,123.7595398,0,238.0397737,218.0688059,182.7772236
0.881679389,90,142.9708521,143.6177021,143.4022295,37.85180718,143.6177021,143.4022295,37.85180718,0,138.4730721,126.7278609,116.8388252,118.0528346,139.8543784,129.5632745,122.5132822,125.4734017,0,70.17968652,65.59342218,50.38001106,38.90511721,0,0,0,0,131.8882747,127.14704,131.2130316,135.596415,141.2037702,144.6971815,150.5082152,135.4079538,147.4808387,141.2982634,223.9850244,230.192383,244.9548306,223.8966052,209.5690108,213.0075814,44.31588338,97.3667562,97.99406525,152.7547815,151.2604678,36.06078387,44.05453074,135.5322544,140.0460644,227.385627,216.6993868,221.9264014,234.3107317,242.8724417,249.3358641,127.4115284,135.0323323,0,233.7705945,222.5967137,128.3024979
0.881679389,91,139.3613596,144.6701398,144.4570776,143.4342038,203.8516463,203.5486347,148.3446329,144.089587,135.8337769,121.1834062,108.1338755,106.7342353,139.840327,129.6472682,124.6425185,128.0963715,75.94943544,76.50979694,68.34317986,50.80887208,39.8466328,138.6356132,127.0298046,119.6270064,121.9374947,131.3271792,127.8494136,131.8859075,136.6314153,141.9355598,144.6736054,202.3902424,144.089587,197.2540719,180.8303388,208.8805226,211.9927662,243.6222688,224.1267935,212.0253979,216.7191684,75.94943544,118.3510491,111.0840387,85.50376706,67.44128243,138.6356132,127.0298046,119.6270064,121.9374947,227.533339,218.8233197,225.0721118,235.2462203,244.327164,250.1429702,120.2624109,142.3797255,33.5029924,225.7551459,231.9959928,33.5029924
0.881679389,92,137.6043326,144.4088724,144.3443579,37.0875276,249.8187665,249.5342468,152.9104798,144.030971,134.1488819,118.0989574,105.1285961,102.5314867,139.3942035,129.3828777,125.7127954,129.1505262,82.91702354,81.54107732,70.01407929,52.24080624,41.06471576,137.746191,125.7266951,119.1878896,121.1984276,131.0192733,128.6179303,132.5470943,137.13733,142.3026023,144.4102562,242.4813507,203.7320045,235.84217,211.4065571,190.7780591,189.3181833,241.9613775,224.3545972,215.2881062,220.9798935,112.4435393,132.014714,117.7932874,88.59339046,69.19301389,195.4324599,178.7282102,168.8679179,171.9238537,227.6123787,221.4823115,228.4282918,236.3496958,245.6302882,250.4437033,121.3092097,147.639366,33.05092515,213.1024857,245.5668939,47.06181205
0.881679389,93,134.5509744,147.6927114,147.6461815,146.7057054,252.1834824,251.9970949,208.4980084,145.9075503,132.4424533,115.7902135,101.4121242,97.3732735,139.3385824,130.2984174,127.5958173,131.3051106,96.42003441,90.41965809,75.01457866,54.79425298,42.67296448,136.4162896,123.9770781,116.4326046,117.6702248,131.2064946,129.1903974,133.1487948,137.2429091,142.3620432,144.3499423,237.6141949,250.5907878,232.3526219,205.0369606,181.7398572,177.162234,241.6636124,224.7799386,218.220432,224.3425303,148.1228293,143.7998988,123.2880714,91.17594791,71.37959739,238.3343249,217.51802,205.1168572,208.3364905,227.2180058,222.6616342,229.5456956,237.2981395,246.29796,250.2432418,129.9407967,156.4267467,30.96219561,214.6242822,257.950956,56.33357534
